{
  "configVersion": 1,
  "timestamp": 1614941999941,
  "index": "/index.html",
  "assetGroups": [
    {
      "name": "app",
      "installMode": "prefetch",
      "updateMode": "prefetch",
      "cacheQueryOptions": {
        "ignoreVary": true
      },
      "urls": [
        "/favicon.ico",
        "/index.html",
        "/main.dd1916695ceb8a5b185c.js",
        "/manifest.webmanifest",
        "/ngsw-worker.js",
        "/polyfills-es5.2f68bc6afdc2207bf020.js",
        "/polyfills.d59faa4c12de2ad27d24.js",
        "/runtime.e227d1a0e31cbccbf8ec.js",
        "/scripts.a59561f20b72713f8a2a.js",
        "/styles.6c14eaa890d681ad9cda.css"
      ],
      "patterns": []
    },
    {
      "name": "assets",
      "installMode": "lazy",
      "updateMode": "prefetch",
      "cacheQueryOptions": {
        "ignoreVary": true
      },
      "urls": [
        "/Arty.b41bff081a53f55eb006.otf",
        "/Asem.268250bd0c608f402587.otf",
        "/Doctor-profile-page-background-without-blur.f2349d6f0062f1dfca5a.png",
        "/Lato-Regular.9919edff6283018571ad.ttf",
        "/Youthness.3973b05213902f036728.ttf",
        "/assets/dummy profile image.jpg",
        "/assets/dummy profile image.png",
        "/assets/fonts/Arty.otf",
        "/assets/fonts/Asem.otf",
        "/assets/fonts/Lato-Regular.ttf",
        "/assets/fonts/Youthness.ttf",
        "/assets/icons/icon-128x128.png",
        "/assets/icons/icon-144x144.png",
        "/assets/icons/icon-152x152.png",
        "/assets/icons/icon-192x192.png",
        "/assets/icons/icon-384x384.png",
        "/assets/icons/icon-512x512.png",
        "/assets/icons/icon-72x72.png",
        "/assets/icons/icon-96x96.png",
        "/assets/images/Doctor-profile-page-background-without-blur.png",
        "/assets/images/Intelehealth-logo-white.png",
        "/assets/images/Intelehealth-logo-white1.png",
        "/assets/images/intelehealth-logo-reverse.png"
      ],
      "patterns": []
    }
  ],
  "dataGroups": [
    {
      "name": "api-performance",
      "patterns": [
        "\\/assets\\/i18n\\/.*",
        "\\/api\\/.*"
      ],
      "strategy": "performance",
      "maxSize": 100,
      "maxAge": 259200000,
      "cacheQueryOptions": {
        "ignoreVary": true
      },
      "version": 1
    },
    {
      "name": "api-freshness",
      "patterns": [
        "https:\\/\\/fonts\\.googleapis\\.com\\/.*",
        "https:\\/\\/use\\.fontawesome\\.com\\/.*",
        "\\/openmrs\\/ws\\/rest\\/v1\\/visit\\/.*"
      ],
      "strategy": "freshness",
      "maxSize": 1000,
      "maxAge": 0,
      "timeoutMs": 20000,
      "cacheQueryOptions": {
        "ignoreVary": true
      },
      "version": 1
    }
  ],
  "hashTable": {
    "/Arty.b41bff081a53f55eb006.otf": "090c56f136020382456367356503c00b0af8dc2f",
    "/Asem.268250bd0c608f402587.otf": "931a38fe12fb8d1ab33a9b661703685ceebbf403",
    "/Doctor-profile-page-background-without-blur.f2349d6f0062f1dfca5a.png": "3f98213112703b50506bbe670ede0eafe435b2ba",
    "/Lato-Regular.9919edff6283018571ad.ttf": "83dc5921761a7c3d1ee7badba3fc7e1e1f5ed803",
    "/Youthness.3973b05213902f036728.ttf": "9764cacb02ca5f87124204b515a865105f5dac89",
    "/assets/dummy profile image.jpg": "e4ec019183c7365fbace2cf63962f8ba18f6bbf6",
    "/assets/dummy profile image.png": "9605af13115fc73c643cf98cd990ae46fc798ed7",
    "/assets/fonts/Arty.otf": "090c56f136020382456367356503c00b0af8dc2f",
    "/assets/fonts/Asem.otf": "931a38fe12fb8d1ab33a9b661703685ceebbf403",
    "/assets/fonts/Lato-Regular.ttf": "83dc5921761a7c3d1ee7badba3fc7e1e1f5ed803",
    "/assets/fonts/Youthness.ttf": "9764cacb02ca5f87124204b515a865105f5dac89",
    "/assets/icons/icon-128x128.png": "325b33af5da9b7e0fc4950922a683995ff90fcc2",
    "/assets/icons/icon-144x144.png": "efb21ce6a04b6a0e59bfc98698611a842d077ce4",
    "/assets/icons/icon-152x152.png": "941b17f5abe1e4f2ab0b367cae6872809b324ced",
    "/assets/icons/icon-192x192.png": "55d5251bde75a3562cf1ce37049cdc68f9faa6cb",
    "/assets/icons/icon-384x384.png": "274964977d72f9417723992c6e40e8812dcc3077",
    "/assets/icons/icon-512x512.png": "4e941996e00cbedabc7b397eae4699759fb34a1d",
    "/assets/icons/icon-72x72.png": "6ba44634586733d87a9ffcdabd0dc26fcf3914e3",
    "/assets/icons/icon-96x96.png": "7ee7686e840edc0e5193642eaca7e7cb588411aa",
    "/assets/images/Doctor-profile-page-background-without-blur.png": "3f98213112703b50506bbe670ede0eafe435b2ba",
    "/assets/images/Intelehealth-logo-white.png": "3351698d3fc04a7129fb25ab6ca60a35c9836ddc",
    "/assets/images/Intelehealth-logo-white1.png": "874786a94bc72da4f7cf207260199facd2626483",
    "/assets/images/intelehealth-logo-reverse.png": "987e275cc5b32023455b4ce78793eaf75bef7f29",
    "/favicon.ico": "9fde8e63c112120d53b5018f4512d753f5262f2c",
    "/index.html": "e57e9617db47ad21a39d16186f7749dc867491f3",
    "/main.dd1916695ceb8a5b185c.js": "74ad8bbf1e470fde7f7b9924d8d7ec535ca4bd91",
    "/manifest.webmanifest": "717df8e669caa0ef48173b2357588c8fece80463",
    "/ngsw-worker.js": "601253069e8f1d4f717e0bd54332587669d68261",
    "/polyfills-es5.2f68bc6afdc2207bf020.js": "6350e1e104db8b06cb9e0c9e2c30f36cd9ef282f",
    "/polyfills.d59faa4c12de2ad27d24.js": "cda35de091b9701140c4a2a08fa3cf8895601213",
    "/runtime.e227d1a0e31cbccbf8ec.js": "a9aafcf49f49145093fc831efd9b8e2f6c71bb9c",
    "/scripts.a59561f20b72713f8a2a.js": "78907ddec8c727b4db45a58875929bc546203ef9",
    "/styles.6c14eaa890d681ad9cda.css": "6629fb7705a1b6f55bdca1f35adecc5fd1a3ead8"
  },
  "navigationUrls": [
    {
      "positive": true,
      "regex": "^\\/.*$"
    },
    {
      "positive": false,
      "regex": "^\\/(?:.+\\/)?[^/]*\\.[^/]*$"
    },
    {
      "positive": false,
      "regex": "^\\/(?:.+\\/)?[^/]*__[^/]*$"
    },
    {
      "positive": false,
      "regex": "^\\/(?:.+\\/)?[^/]*__[^/]*\\/.*$"
    }
  ]
}